﻿<?xml version="1.0" encoding="utf-8"?>
<RoleModel xmlns:xsi="http://www.w3.org/2001/XMLSchema-instance" xmlns:xsd="http://www.w3.org/2001/XMLSchema" name="DatabaseConnectionService" version="2.9.8699.20" xmlns="http://schemas.microsoft.com/ServiceHosting/2008/10/ServiceDefinition">
  <Runtime>
    <EntryPoint>
      <NetFxEntryPoint assemblyName="WCFServiceWebRole1.dll" targetFrameworkVersion="v4.0" />
    </EntryPoint>
  </Runtime>
  <Properties>
    <Property name="TargetFrameworkVersion" value="v4.5.1" />
    <Property name="RoleType" value="Web" />
    <Property name="RoleName" value="DatabaseConnectionService" />
    <Property name="ProjectName" value="DatabaseConnectionService" />
    <Property name="Configuration" value="Release" />
    <Property name="Platform" value="AnyCPU" />
    <Property name="SetConfiguration" value="Configuration=Release" />
    <Property name="SetPlatform" value="Platform=AnyCPU" />
    <Property name="RoleTargetFramework" value="v4.5.1" />
    <Property name="OutputDir" value="C:\Users\Flameo326\Documents\IDEs\Group1Projects\WIPProject\AzureCloudService1\obj\Release\DatabaseConnectionService\" />
    <Property name="EntryPoint" value="WCFServiceWebRole1.dll" />
    <Property name="SourceDir" value="C:\Users\Flameo326\Documents\IDEs\Group1Projects\WIPProject\WCFServiceWebRole1\" />
    <Property name="SitePhysicalPath" value="C:\Users\Flameo326\Documents\IDEs\Group1Projects\WIPProject\AzureCloudService1\obj\Release\DatabaseConnectionService\" />
    <Property name="TargetRuntimeVersion" value="v4.0" />
  </Properties>
  <Sites>
    <Site name="Web" physicalDirectory="C:\Users\Flameo326\Documents\IDEs\Group1Projects\WIPProject\AzureCloudService1\obj\Release\DatabaseConnectionService\">
      <Bindings>
        <Binding name="Endpoint1" endpointName="Endpoint1" />
      </Bindings>
    </Site>
  </Sites>
</RoleModel>